,id,time,country,title,num_comments,score,saved,over_18,is_original_content,upvote_ratio
0,1175,2024-01-13T23:37:44.989584+00:00,United Kingdom,Man raped in Liverpool city centre gardens,768,1007,False,False,False,0.91
1,1176,2024-01-13T23:37:47.012266+00:00,United Kingdom,"'Iran has infiltrated UK and is biggest threat,' says woman who met Khamenei",316,307,False,False,False,0.78
2,1177,2024-01-13T23:37:47.803544+00:00,United Kingdom,â€˜This is spirallingâ€™: alarm as youth homelessness soars in UK since Christmas,88,296,False,False,False,0.95
3,1178,2024-01-13T23:37:48.531318+00:00,United Kingdom,How Brexit became prime suspect in the death of the stock market,64,144,False,False,False,0.82
4,1179,2024-01-13T23:37:49.105543+00:00,United Kingdom,70-year-old charged after car runs into pro-Palestine demo in Edinburgh,56,108,False,False,False,0.88
5,1180,2024-01-13T23:37:52.022046+00:00,United Kingdom,UK aircraft carriers canâ€™t be sent to Red Sea because of Navy staffing crisis,552,919,False,False,False,0.93
6,1181,2024-01-13T23:37:54.516699+00:00,United Kingdom,"Labour peer spends Â£100,000 of taxpayersâ€™ money flying from Newcastle to Westminster",444,754,False,False,False,0.86
7,1182,2024-01-13T23:37:55.925578+00:00,United Kingdom,Measles cases surge in England and Wales fuelled by vaccine hesitancy over MMR jab,250,253,False,False,False,0.94
8,1183,2024-01-13T23:37:56.29624+00:00,United Kingdom,Awaab's Law: Tenants in mouldy homes in Rochdale told they breathe too much,13,67,False,False,False,0.92
9,1184,2024-01-13T23:37:56.674307+00:00,United Kingdom,Paula Vennells: May government pushed through CBE despite Horizon concerns,16,45,False,False,False,0.88
10,1185,2024-01-13T23:37:57.430879+00:00,Ukraine,Reminder: r/ukrainian has an official discord group.,24,151,False,False,False,0.99
11,1186,2024-01-13T23:37:57.826561+00:00,Ukraine,Russian invasion of Ukraine Megathread - Post only here unless it is about the Ukrainian language,25,84,False,False,False,1.0
12,1187,2024-01-13T23:37:58.182601+00:00,Ukraine,I have this design on two of my vyshyvankaâ€™s. Where is it from/used? I am originally from Zaporizhzhia,5,30,False,False,False,0.97
13,1188,2024-01-13T23:37:58.559964+00:00,Ukraine,"Ğ¨Ğ°Ğ½Ğ¾Ğ²Ğ½Ñ– ÑĞ¿Ñ–Ğ²Ğ²Ñ–Ñ‚Ñ‡Ğ¸Ğ·Ğ½Ğ¸ĞºĞ¸, ÑĞºÑ– Ğ½Ğ° Ğ²Ğ°ÑˆÑƒ Ğ´ÑƒĞ¼ĞºÑƒ ÑĞ°Ğ¼Ñ– Ğ±Ñ€Ğ°Ñ‚ÑÑŒĞºÑ– ĞºÑ€Ğ°Ñ—Ğ½Ğ¸/Ğ½Ğ°Ñ€Ğ¾Ğ´Ğ¸ Ğ´Ğ»Ñ Ğ£ĞºÑ€Ğ°Ñ—Ğ½Ñ†Ñ–Ğ² ?",2,1,False,False,False,0.67
14,1189,2024-01-13T23:37:58.84182+00:00,Ukraine,The 4 ukrainian horsemen of the Apocalipse,0,0,False,False,False,0.5
15,1190,2024-01-13T23:37:59.240897+00:00,Ukraine,Ukrainian girl calling me Cossack?,29,72,False,False,False,0.94
16,1191,2024-01-13T23:37:59.518459+00:00,Ukraine,United we Will win,0,0,False,False,False,0.29
17,1192,2024-01-13T23:37:59.853996+00:00,Ukraine,Ukrainian Media,19,19,False,False,False,0.88
18,1193,2024-01-13T23:38:00.287026+00:00,Ukraine,Applicability of the term 'Moskal',36,36,False,False,False,0.91
19,1194,2024-01-13T23:38:00.660301+00:00,Ukraine,What are the most popular names for cats in Ukraine?,7,23,False,False,False,1.0
20,1195,2024-01-13T23:38:01.369251+00:00,Turkey,Åehitlerimizi AnÄ±yoruz,13,132,False,False,False,0.94
21,1196,2024-01-13T23:38:02.220487+00:00,Turkey,Kedilere Ä°ÅŸkence Eden Ve Åehitlere SÃ¶ven Grubun BazÄ± Ãœyeleri YakalandÄ±,83,198,False,False,False,0.99
22,1197,2024-01-13T23:38:03.429142+00:00,Turkey,Is the Youth in turkey religious on an average?,148,157,False,False,False,0.86
23,1198,2024-01-13T23:38:03.930209+00:00,Turkey,"Ã–zgÃ¼r DemirtaÅŸ: DÃ¼nyaâ€™da SiyasetÃ§ilerin Ã‡ocuklarÄ±nÄ± Cepheye gÃ¶nderirseniz,TÃ¼m SavaÅŸlar Biter. Yalan mÄ±?",44,83,False,False,False,0.86
24,1199,2024-01-13T23:38:04.624883+00:00,Turkey,"Åehit haberleri geldiÄŸi esnada, DEM Parti DiyarbakÄ±r Kongresi'nde PKK elebaÅŸÄ± Ã–calan'a selam yollandÄ±.",73,246,False,False,False,0.91
25,1200,2024-01-13T23:38:05.008458+00:00,Turkey,Ä°stanbul'da 1930 yÄ±lÄ±na ait bir kayÄ±t,9,112,False,False,False,0.98
26,1201,2024-01-13T23:38:05.491089+00:00,Turkey,Can someone explain r/KGBTR to me?,48,59,False,False,False,0.76
27,1202,2024-01-13T23:38:06.366344+00:00,Turkey,"Mecliste vekilleri bulunan HÃœDA PAR ve DEM Parti, sosyal medya hesaplarÄ±ndan ÅŸehitlerimize yÃ¶nelik hiÃ§bir paylaÅŸÄ±m gerÃ§ekleÅŸtirmedi.",75,140,False,False,False,0.87
28,1203,2024-01-13T23:38:06.899403+00:00,Turkey,"CumhurbaÅŸkanÄ± ErdoÄŸan'Ä±n memleketi Rize'de ekmek fiyatÄ± fÄ±rÄ±nlarda 10 TL'ye yÃ¼kselince, Ã¶zellikle emekliler cuma Ã§Ä±kÄ±ÅŸÄ±nda halk ekmek bÃ¼fesinde 7,5 TL'ye ekmek alabilmek iÃ§in sÄ±raya girdi",37,179,False,False,False,0.98
29,1204,2024-01-13T23:38:07.367804+00:00,Turkey,DolandÄ±rÄ±cÄ±lÄ±ÄŸÄ±n had safhaya ulaÅŸmÄ±ÅŸ olmasÄ±.,46,82,False,False,False,0.98
30,1205,2024-01-13T23:38:11.012497+00:00,Switzerland,Ukraine - Russia megathread - all related content goes here while this thread is pinned,2060,313,False,False,False,0.94
31,1206,2024-01-13T23:38:11.265169+00:00,Switzerland,Biweekly Talk & Questions Thread,1,4,False,False,False,0.84
32,1207,2024-01-13T23:38:12.280354+00:00,Switzerland,"Is this normal? As a bonus, the individual was watching TikTok without earphones.",149,167,False,False,False,0.85
33,1208,2024-01-13T23:38:13.005257+00:00,Switzerland,Darf ein Restaurant die Credit Karten Kommission auf die Rechnung stellen?,77,116,False,False,False,0.91
34,1209,2024-01-13T23:38:13.586245+00:00,Switzerland,"My salary and expenses, 20y, male,~28% student,80% work",60,53,False,False,False,0.8
35,1210,2024-01-13T23:38:14.151701+00:00,Switzerland,Fair enough..,48,326,False,False,False,0.96
36,1211,2024-01-13T23:38:15.041908+00:00,Switzerland,Was I stupid to have my car serviced in Switzerland?,91,20,False,False,False,0.76
37,1212,2024-01-13T23:38:15.353782+00:00,Switzerland,Simplest way to get a medical test done,6,5,False,False,False,0.86
38,1213,2024-01-13T23:38:15.603243+00:00,Switzerland,Selling Art work (serious),0,2,False,False,False,1.0
39,1214,2024-01-13T23:38:15.88076+00:00,Switzerland,"Where to buy ""Welt der Wunder"" magazine",2,2,False,False,False,0.75
40,1215,2024-01-13T23:38:16.516019+00:00,Sweden,"Frittsnack fredag! / Free talk Friday- 12 January, 2024",9,1,False,False,False,0.57
41,1216,2024-01-13T23:38:17.310381+00:00,Sweden,Vad gÃ¶r man vid kris? HÃ¤r kommer lite tips svar och information,51,50,False,False,False,0.75
42,1217,2024-01-13T23:38:18.841172+00:00,Sweden,S Ã¶ppnar fÃ¶r fÃ¶rbud mot vissa hundraser,208,253,False,False,False,0.93
43,1218,2024-01-13T23:38:20.376391+00:00,Sweden,Israels ambassad i Stockholm uppges ha varit tilltÃ¤nkt Hamas-mÃ¥l,183,176,False,False,False,0.87
44,1219,2024-01-13T23:38:22.051712+00:00,Sweden,Kristersson: â€Uppenbartâ€ att vissa invandrare inte vill fÃ¶rsvara Sverige,285,170,False,False,False,0.81
45,1220,2024-01-13T23:38:22.467109+00:00,Sweden,"Ã„r detta ""Scandinavianface""?",36,65,False,False,False,0.77
46,1221,2024-01-13T23:38:23.295357+00:00,Sweden,Friends Arena i Solna blir Strawberry arena,102,94,False,False,False,0.9
47,1222,2024-01-13T23:38:23.733237+00:00,Sweden,Schizophrenia in Pettson and Findus,31,73,False,False,False,0.77
48,1223,2024-01-13T23:38:25.459754+00:00,Sweden,Pontus dog efter fel vaccinering mot covid-19 â€“ familjens kamp fÃ¶r svar,175,142,False,False,False,0.81
49,1224,2024-01-13T23:38:28.121832+00:00,Sweden,Vad tycker ni om riksdags ledamÃ¶ter grundarvode som frÃ¥n och med 1 januari ligger pÃ¥ 75 000 kr per mÃ¥nad?,459,307,False,False,False,0.77
50,1225,2024-01-13T23:38:28.728442+00:00,Spain,Registro como AutÃ³nomo en EspaÃ±a: Desarrollador Freelance de Web y Software,4,8,False,False,False,0.9
51,1226,2024-01-13T23:38:29.01653+00:00,Spain,Alguien me ayuda a componer!,7,1,False,False,False,0.67
52,1227,2024-01-13T23:38:29.460294+00:00,Spain,Para los amigos de CataluÃ±a del Sur,30,397,False,False,False,0.92
53,1228,2024-01-13T23:38:30.343142+00:00,Spain,Duelo de titanes en wallapop,93,850,False,False,False,0.96
54,1229,2024-01-13T23:38:30.958423+00:00,Spain,Problemas con compaÃ±eros de piso de estudiantes,43,18,False,False,False,0.85
55,1230,2024-01-13T23:38:31.224299+00:00,Spain,Viajar y trabajar en el extranjero,3,1,False,False,False,0.57
56,1231,2024-01-13T23:38:31.544092+00:00,Spain,No contratÃ©is seguro de hogar con Nationale Nederlanden. Â¡HuÃ­d!,17,64,False,False,False,0.96
57,1232,2024-01-13T23:38:31.859968+00:00,Spain,Subreddit sobre petinetes elÃ©ctricos y vehÃ­culos de movilidad personal (VMP),0,1,False,False,False,0.56
58,1233,2024-01-13T23:38:32.269687+00:00,Spain,Se me ha perdido el DNI en el aeropuerto de MÃ¡laga y ya no estoy en EspaÃ±a,26,14,False,False,False,0.94
59,1234,2024-01-13T23:38:32.834379+00:00,Spain,Cuanto cobrar...,48,27,False,False,False,0.83
60,1235,2024-01-13T23:38:34.379597+00:00,Slovenia,Kramljalnica,177,10,False,False,False,0.86
61,1236,2024-01-13T23:38:34.6878+00:00,Slovenia,ğŸ±ğŸ”ï¸,5,121,False,False,False,0.96
62,1237,2024-01-13T23:38:35.011965+00:00,Slovenia,Å½uÅ¾a - maÄkobota,4,25,False,False,False,0.9
63,1238,2024-01-13T23:38:35.44421+00:00,Slovenia,"Nimam maÄke, ampak mam meduze",26,65,False,False,False,0.97
64,1239,2024-01-13T23:38:36.125836+00:00,Slovenia,Kako razpadel je naÅ¡ sistem: Å¾e ÄetrtiÄ sem samo sebe pravilno diagnosticirala preden je to storil specialist,65,47,False,False,False,0.74
65,1240,2024-01-13T23:38:36.439285+00:00,Slovenia,Zadnja ura maÄkobote,2,14,False,False,False,0.85
66,1241,2024-01-13T23:38:36.776732+00:00,Slovenia,JanÅ¡a in Tonin BFFs,6,68,False,False,False,0.84
67,1242,2024-01-13T23:38:37.089046+00:00,Slovenia,Sobota MaÄkobota,3,23,False,False,False,0.9
68,1243,2024-01-13T23:38:37.543596+00:00,Slovenia,Izgovori ministrov in poslancev,11,18,False,False,False,0.95
69,1244,2024-01-13T23:38:37.954001+00:00,Slovenia,Sledi cenam izdelkov v trgovinah,11,26,False,False,False,0.99
70,1245,2024-01-13T23:38:38.826349+00:00,Slovakia,NedostatoÄnÃ© nÃ¡zvy postov / Insufficient post titles,38,67,False,False,False,0.89
71,1246,2024-01-13T23:38:40.841094+00:00,Slovakia,RobÃ­m v sexshope,332,494,False,False,False,0.97
72,1247,2024-01-13T23:38:41.908857+00:00,Slovakia,NeznÃ¡Å¡am svokru,83,84,False,False,False,0.89
73,1248,2024-01-13T23:38:42.190914+00:00,Slovakia,"PÃ¡n Fico robÃ­ presne to, za Äo ÃºtoÄia na PS a ÄapÃºtovÃº. Ako mu to jeho oveÄky, ktorÃ½ch hlavnÃ½ nepriateÄ¾ je prÃ¡ve zÃ¡pad, mÃ´Å¾u tolerovaÅ¥?",4,19,False,False,False,0.89
74,1249,2024-01-13T23:38:42.546807+00:00,Slovakia,"Kysuce, vÃ½hÄ¾ad na fatru s osady KÃ½Äera v ÄŒadci. Fotografka MargarÃ©ta MajÃ¡kovÃ¡ (nie ja)",13,137,False,False,False,0.99
75,1250,2024-01-13T23:38:43.746948+00:00,Slovakia,Ako sa vyhnÃºÅ¥ lyÅ¾iarskemu vÃ½cviku?,125,23,False,False,False,0.76
76,1251,2024-01-13T23:38:44.075589+00:00,Slovakia,NovÃ½ Facebook podvod,14,43,False,False,False,0.98
77,1252,2024-01-13T23:38:44.416923+00:00,Slovakia,"aj strana mvp sleduje najnovsie politicke trendy - dnes to zahodia priamo do toho svietiaceho hribu pri ceste, snad to lodiam nebude vadit...",15,76,False,False,False,0.92
78,1253,2024-01-13T23:38:44.897394+00:00,Slovakia,Ãšpadok barov a diskotÃ©k,46,20,False,False,False,0.79
79,1254,2024-01-13T23:38:46.054212+00:00,Slovakia,Bez bloÄku,102,86,False,False,False,0.9
80,1255,2024-01-13T23:38:50.153001+00:00,Serbia,"/r/Serbia sveopÅ¡ta diskusija (random discussion) - Jan 13, 2024",1067,7,False,False,False,0.82
81,1256,2024-01-13T23:38:50.491819+00:00,Serbia,"/r/Serbia Å¾enski kutak - (women's corner) - Jan 14, 2024",7,3,False,False,False,1.0
82,1257,2024-01-13T23:38:51.116468+00:00,Serbia,"SunÄ‘er Bob, Rahaja poliÅ¾eÅ¡ miâ€¦",54,705,False,False,False,0.98
83,1258,2024-01-13T23:38:51.440984+00:00,Serbia,Zone i nasumiÄne tetke,11,129,False,False,False,0.98
84,1259,2024-01-13T23:38:52.791553+00:00,Serbia,Sta mislite o ovome?,208,119,False,False,False,0.77
85,1260,2024-01-13T23:38:53.131532+00:00,Serbia,"BraÄ‡o i sestre, sreÄ‡na Srpska Nova godina!",9,36,False,False,False,0.85
86,1261,2024-01-13T23:38:54.113144+00:00,Serbia,Hoce li se MUP pozabaviti ovim slucajom?,138,213,False,False,False,0.94
87,1262,2024-01-13T23:38:54.854443+00:00,Serbia,"StiÅ¾e radna snaga iz Kenije, 20.000 radnika.",89,77,False,False,False,0.9
88,1263,2024-01-13T23:38:55.29782+00:00,Serbia,"Evo ga, krenulo je. Fantom prijavljen na adresu, napravljen raÄun za telefon i izvrÅ¡itelj se javio vlasniku stana. Ako fantom nije zaposlen, izvrÅ¡itelj kreÄ‡e u popis imovine, a ti posle dokazuj da su to sve tvoje stvari i da taj ne Å¾ivi kod tebe.",29,68,False,False,False,1.0
89,1264,2024-01-13T23:38:57.249652+00:00,Serbia,"Radio sam u vojsci 6 godina, AMA",299,106,False,False,False,0.88
90,1265,2024-01-13T23:38:58.05624+00:00,Romania,Forum Liber - ÃntrebaÈ›i È™i discutaÈ›i cu /r/Romania Orice - 12.01.2024,28,0,False,False,False,0.4
91,1266,2024-01-13T23:38:58.315231+00:00,Romania,"Ãn sfÃ¢rÈ™it, vineri! - 12.01.2024",3,0,False,False,False,0.33
92,1267,2024-01-13T23:38:58.749205+00:00,Romania,Voluntar romÃ¢n Ã®n Ucraina rÄƒspunde â€œpatrioÈ›ilorâ€ de carton ai aur/È™oÈ™,30,163,False,False,False,0.93
93,1268,2024-01-13T23:38:59.141147+00:00,Romania,"Ana Dumbrava face istorie: cÃ¢È™tigÄƒ premiul pentru cea mai bunÄƒ jucÄƒtoare a anului feminin pentru al doilea an consecutiv, cimentÃ¢ndu-È™i dominaÈ›ia Ã®n Counter-Strike! FelicitÄƒri!",15,117,False,False,False,0.94
94,1269,2024-01-13T23:38:59.879429+00:00,Romania,Protestatarii care blocheazÄƒ centura Capitalei i-au cerut lui Ciolacu benzinÄƒ gratis ca Ã®n Venezuela È™i sÄƒ nu fie controlaÈ›i Ã®n vÄƒmi. Premierul a pÄƒrÄƒsit negocierile: â€Eu nu funcÈ›ionez pe ameninÈ›Äƒriâ€,85,215,False,False,False,0.87
95,1270,2024-01-13T23:39:00.244356+00:00,Romania,Digi24 varianta needitata,23,391,False,True,False,0.94
96,1271,2024-01-13T23:39:00.643464+00:00,Romania,Curtea domneascÄƒ de la TÃ¢rgoviÈ™te - circa 1700 versus zilele noastre. Reconstituirea istoricÄƒ a fost fÄƒcutÄƒ de Radu Oltean.,14,79,False,False,False,0.99
97,1272,2024-01-13T23:39:01.041222+00:00,Romania,Incident la protest Ã®n ConstanÈ›a,25,43,False,False,False,0.81
98,1273,2024-01-13T23:39:01.557137+00:00,Romania,Cinci ani negri pentru justiÈ›ie. Cum a executat binomul Iohannis â€“ Gorghiu planul lui Dragnea,28,88,False,False,False,0.95
99,1274,2024-01-13T23:39:02.054454+00:00,Romania,Carl Mydans Romania 1964,24,159,False,False,False,0.95
100,1275,2024-01-13T23:39:02.919901+00:00,Portugal,Um paÃ­s a prazo.. ğŸŸ¡,50,177,False,False,False,0.94
101,1276,2024-01-13T23:39:03.267367+00:00,Portugal,Para quando proibir a venda de confetis de plÃ¡stico?,10,121,False,False,False,0.94
102,1277,2024-01-13T23:39:04.441422+00:00,Portugal,"Rita Matias insiste em acabar com ""casas de banho mistas"", uma medida que nÃ£o foi sequer implementada? [VERDADEIRO]",140,154,False,False,False,0.89
103,1278,2024-01-13T23:39:05.105818+00:00,Portugal,"Primeiro/Ministro diz que portugueses â€œtiveram a sorteâ€ de ter um Governo que â€œgosta de resolver problemas""",60,54,False,False,False,0.82
104,1279,2024-01-13T23:39:05.575394+00:00,Portugal,"Volt quer investir em salÃ¡rios, ferrovia, habitaÃ§Ã£o e alimentaÃ§Ã£o saudÃ¡vel - Atualidade",43,68,False,False,False,0.84
105,1280,2024-01-13T23:39:06.812862+00:00,Portugal,E possÃ­vel fazer reembolso nesta empresa ???,116,122,False,False,False,0.8
106,1338,2024-01-13T23:39:46.048674+00:00,TFYR Macedonia,Birthday of a Macedonian employee,1,2,False,False,False,1.0
107,1281,2024-01-13T23:39:07.128605+00:00,Portugal,when you see it.... (fonte: pÃ¡gina Seasia Stats que afirma ter recolhido do tripadvisor),9,53,False,False,False,0.87
108,1282,2024-01-13T23:39:07.872132+00:00,Portugal,â€œTratou-se de um trÃ¡gico acidenteâ€. AutÃ³psia revela causa da morte de jovem de Seia,79,59,False,False,False,0.97
109,1283,2024-01-13T23:39:08.255521+00:00,Portugal,Most common immigrant in Iberian Peninsula (Spain and Portugal),3,36,False,False,False,0.92
110,1284,2024-01-13T23:39:08.527299+00:00,Portugal,Os EstagiÃ¡rios da CM tv a partirem tudo com os melhores tÃ­tulos,1,30,False,False,False,0.9
111,1285,2024-01-13T23:39:09.431108+00:00,Poland,public transit be like: no,8,78,False,False,False,0.87
112,1286,2024-01-13T23:39:10.229224+00:00,Poland,BLIK,99,1848,False,False,False,0.98
113,1287,2024-01-13T23:39:10.871442+00:00,Poland,Is Poland (a) safe?,78,980,False,False,False,0.93
114,1288,2024-01-13T23:39:11.863994+00:00,Poland,So is poland safe or what?,151,714,False,False,False,0.95
115,1289,2024-01-13T23:39:13.268452+00:00,Poland,who would win this hypothetical war?,185,973,False,False,False,0.91
116,1290,2024-01-13T23:39:13.567814+00:00,Poland,I have a job offer in Poland. How is the health care compared to the Spanish?,4,2,False,False,False,0.75
117,1291,2024-01-13T23:39:15.630885+00:00,Poland,Is Poland safe?,258,849,False,False,False,0.94
118,1292,2024-01-13T23:39:15.972929+00:00,Poland,Polska gurom!!1,12,108,False,False,False,0.91
119,1293,2024-01-13T23:39:16.952041+00:00,Poland,(Non Polish here) what tv shows do you suggest in any genre to watch,138,84,False,False,False,0.88
120,1294,2024-01-13T23:39:19.273003+00:00,Poland,Is this a popular series in Poland? How do you guys feel about?,394,1304,False,False,False,0.95
121,1295,2024-01-13T23:39:22.66471+00:00,Norway,So You Want To Move to Norway: A Rough Guide To The Immigration Process (updated),568,1577,False,False,False,0.99
122,1296,2024-01-13T23:39:22.952163+00:00,Norway,Do I need to prebook the bus from Narvik to TromsÃ¸?,3,5,False,False,False,0.78
123,1297,2024-01-13T23:39:23.271544+00:00,Norway,Cluck cluck song,3,4,False,False,False,0.75
124,1298,2024-01-13T23:39:24.051468+00:00,Norway,Norway to allow mining waste to be dumped in fjords,76,168,False,False,False,0.9
125,1299,2024-01-13T23:39:24.392504+00:00,Norway,Translation Websites,9,0,False,False,False,0.4
126,1300,2024-01-13T23:39:24.802325+00:00,Norway,Seeking a tip for killing an indoor bug infestation in Bergen,19,3,False,False,False,0.67
127,1301,2024-01-13T23:39:25.098373+00:00,Norway,Norway at Forvo.com,0,0,False,False,False,0.4
128,1302,2024-01-13T23:39:25.510533+00:00,Norway,"What's the difference between Voi, Ryde, Lime, and Ruter?",26,0,False,False,False,0.47
129,1303,2024-01-13T23:39:25.822613+00:00,Norway,Seasonal-affective-disorder light therapy -- anyone use?,5,0,False,False,False,0.5
130,1304,2024-01-13T23:39:26.32915+00:00,Norway,BioingeniÃ¸r,2,0,False,False,False,0.33
131,1305,2024-01-13T23:39:28.535193+00:00,Netherlands,Vriendschap en tinder draadje januari 2024,319,105,False,False,False,0.86
132,1306,2024-01-13T23:39:29.002783+00:00,Netherlands,"Zaterdagse Wat Luister Je Draad: Welke podcasts, radioshows of muziek heb je (recent) geluisterd? Wat is jouw mening over recente afleveringen of muziek? Heb je nog aanraders?",49,10,False,False,False,0.86
133,1307,2024-01-13T23:39:30.184928+00:00,Netherlands,Komo sluitstrips. Gebruikt iemand die?,95,142,False,False,False,0.91
134,1308,2024-01-13T23:39:31.022602+00:00,Netherlands,Millionaires in Europe (NLD no 2),85,144,False,False,False,0.9
135,1309,2024-01-13T23:39:31.418436+00:00,Netherlands,The Netherlands vs. Dutch colonies: A size comparison,23,144,False,False,False,0.95
136,1310,2024-01-13T23:39:32.649497+00:00,Netherlands,Zorgen over toenemend gebruik zware pijnstillers: 'Niet bewust van risico's',149,109,False,False,False,0.97
137,1311,2024-01-13T23:39:33.257765+00:00,Netherlands,Wie heeft de oplossing voor mijn te-kleine-schoenen-met-sentimentele-waarde-probleem?,49,46,False,False,False,0.88
138,1312,2024-01-13T23:39:34.0694+00:00,Netherlands,'Voor Van Gogh stond vrijheid van meningsuiting gelijk aan vrijheid te beledigen',104,111,False,False,False,0.8
139,1313,2024-01-13T23:39:36.01234+00:00,Netherlands,Woorden die eigenlijk heel raar zijn als je erover nadenkt,439,306,False,False,False,0.96
140,1314,2024-01-13T23:39:36.355115+00:00,Netherlands,Onthuld: Van der Walâ€™s vijfstappenplan om Schiphol aan rammelende natuurvergunning te helpen | SchipholWatch,14,62,False,False,False,0.84
141,1315,2024-01-13T23:39:36.97429+00:00,Republic of Moldova,Chat-ul zilnic,0,1,False,False,False,1.0
142,1316,2024-01-13T23:39:37.332898+00:00,Republic of Moldova,Este aderarea la NATO o soluÈ›ie? Scenariile prin care Republica Moldova Ã®È™i poate modifica statutul de neutralitate,6,11,False,False,False,0.87
143,1317,2024-01-13T23:39:37.703228+00:00,Republic of Moldova,problema minora cu traiul...,15,8,False,False,False,0.84
144,1318,2024-01-13T23:39:38.02764+00:00,Republic of Moldova,"VÄƒ urez un weekend frumos, dragi redditori! (fÄƒrÄƒ troiene)",7,55,False,False,False,0.87
145,1319,2024-01-13T23:39:38.38307+00:00,Republic of Moldova,Maia Sandu vine Ã®n RomÃ¢nia sÃ¢mbÄƒtÄƒ. PreÈ™edinta R. Moldova se Ã®ntÃ¢lneÈ™te cu Margareta È™i va fi premiatÄƒ la TimiÈ™oara,25,94,False,False,False,0.93
146,1320,2024-01-13T23:39:38.706946+00:00,Republic of Moldova,Surse: PSRM vrea sa adere la Platforma Mondiala Anti-Imperialista,6,14,False,False,False,0.94
147,1321,2024-01-13T23:39:39.013258+00:00,Republic of Moldova,PoÈ›i lucra Ã®n poliÈ›ie daca ai fost pus la evidenÈ›Äƒ psihiatrica ?,4,2,False,False,False,0.63
148,1322,2024-01-13T23:39:39.412717+00:00,Republic of Moldova,ISW: Russian media attempting to sow political instability in Moldova,10,66,False,False,False,0.85
149,1323,2024-01-13T23:39:39.772715+00:00,Republic of Moldova,HiSky: zboruri din Cluj Napoca È™i ChiÈ™inÄƒu spre New York cu escalÄƒ la BucureÈ™ti,0,11,False,False,False,0.99
150,1324,2024-01-13T23:39:40.081562+00:00,Republic of Moldova,PS Plus Ã®n Moldova,4,2,False,False,False,1.0
151,1325,2024-01-13T23:39:41.66035+00:00,Malta,Weed use/ possession FAQ,208,171,False,False,False,1.0
152,1326,2024-01-13T23:39:42.169851+00:00,Malta,What I'd wish I'd known about property hunting,25,108,False,False,False,1.0
153,1327,2024-01-13T23:39:42.43594+00:00,Malta,Property damaged by workmen,3,2,False,False,False,1.0
154,1328,2024-01-13T23:39:42.705629+00:00,Malta,Order from Alibaba to Malta,3,1,False,False,False,1.0
155,1329,2024-01-13T23:39:42.986678+00:00,Malta,Wied Rini - Bahrija Loop Trek,0,1,False,False,False,1.0
156,1330,2024-01-13T23:39:43.437198+00:00,Malta,Moving back to Malta,29,4,False,False,False,0.83
157,1331,2024-01-13T23:39:43.718256+00:00,Malta,car transport from europe,4,1,False,False,False,1.0
158,1332,2024-01-13T23:39:44.018496+00:00,Malta,Electronics / Smartphone Shops in Malta,6,1,False,False,False,1.0
159,1333,2024-01-13T23:39:44.302009+00:00,Malta,Heated swimming pool in winter,3,1,False,False,False,1.0
160,1334,2024-01-13T23:39:44.627051+00:00,Malta,Whatâ€™s your experience with Maltapark and Facebook market place?,3,2,False,False,False,1.0
161,1335,2024-01-13T23:39:45.196662+00:00,TFYR Macedonia,Am I officially Macedonian?,5,4,False,False,False,1.0
162,1336,2024-01-13T23:39:45.475592+00:00,TFYR Macedonia,I wanna learn Macedonian,2,1,False,False,False,1.0
163,1337,2024-01-13T23:39:45.752313+00:00,TFYR Macedonia,Illiteracy in the Kingdom of Yugoslavia,0,2,False,False,False,1.0
164,1339,2024-01-13T23:39:46.327626+00:00,TFYR Macedonia,Macedoniaâ€™s legal status regarding UÃ‰,0,1,False,False,False,1.0
165,1340,2024-01-13T23:39:46.592309+00:00,TFYR Macedonia,Non-resident banking,0,1,False,False,False,1.0
166,1341,2024-01-13T23:39:46.871056+00:00,TFYR Macedonia,Numkoi and labelling of relations,0,1,False,False,False,1.0
167,1342,2024-01-13T23:39:47.154403+00:00,TFYR Macedonia,Rabies,0,1,False,False,False,1.0
168,1343,2024-01-13T23:39:47.439207+00:00,TFYR Macedonia,Medical marijuana,0,1,False,False,False,1.0
169,1344,2024-01-13T23:39:47.711534+00:00,TFYR Macedonia,Can someone give suggestion of some celebrations for new year in 31 december midnight?,1,1,False,False,False,1.0
170,1345,2024-01-13T23:39:48.490755+00:00,Luxembourg,Key events happening in January - courtesy of @luxembourgdoesitbest,5,70,False,False,False,0.99
171,1346,2024-01-13T23:39:48.840917+00:00,Luxembourg,"MEGATHREAD January 07, 2024: Visa, Moving to Luxembourg, Registration, University, Internet Provider, Lessons, Language, Salary, Crypto, Survey, Scam questions. Don't see your topic? We still want you to ask it here. Minimum account age and karma requirements apply to this thread.",12,2,False,False,False,1.0
172,1347,2024-01-13T23:39:49.278005+00:00,Luxembourg,Is it even worth to buy a house here? (Not just a rant post),22,14,False,False,False,0.9
173,1348,2024-01-13T23:39:49.809417+00:00,Luxembourg,Garage frank,51,102,False,False,False,0.95
174,1349,2024-01-13T23:39:50.300511+00:00,Luxembourg,Sodexo Card,35,11,False,False,False,0.87
175,1350,2024-01-13T23:39:50.560378+00:00,Luxembourg,Is treasure hunting with a metal detector in luxembourg allowed?,2,2,False,False,False,1.0
176,1351,2024-01-13T23:39:50.85132+00:00,Luxembourg,Looking for a Cat,2,0,False,False,False,0.5
177,1352,2024-01-13T23:39:51.116193+00:00,Luxembourg,Did Rosport change the Pomâ€™s recipe?,0,1,False,False,False,1.0
178,1353,2024-01-13T23:39:51.515858+00:00,Luxembourg,"IT jobs, which are the easiest to start?",27,7,False,False,False,0.77
179,1354,2024-01-13T23:39:51.792048+00:00,Luxembourg,Pharmacie open on Sunday,1,0,False,False,False,0.33
180,1355,2024-01-13T23:39:52.704759+00:00,Lithuania,Support Ukraine ğŸ‡ºğŸ‡¦ Donate,58,851,False,False,False,0.99
181,1356,2024-01-13T23:39:53.303955+00:00,Lithuania,Darom ties bulbistano siena?,58,187,False,False,False,0.94
182,1357,2024-01-13T23:39:53.559714+00:00,Lithuania,"Today, together with the people of Lithuania, we honor the memory of the heroes who sacrificed their lives for independence and express our gratitude to all who participated in the fight for freedom",1,75,False,False,False,0.96
183,1358,2024-01-13T23:39:53.88623+00:00,Lithuania,Lithuanian Quidditch Poster Found in Hogwarts Legacy,4,13,False,False,False,0.93
184,1359,2024-01-13T23:39:54.261509+00:00,Lithuania,MÅ«sÅ³ tankas buvo pridÄ—tas Ä¯ warthunder'Ä¯ :D ğŸ‡±ğŸ‡¹ğŸ‡±ğŸ‡¹ğŸ‡±ğŸ‡¹ğŸ‡±ğŸ‡¹,30,54,False,False,False,0.79
185,1360,2024-01-13T23:39:54.560196+00:00,Lithuania,"Subrendimas yra tada kai supranti, kad RÅ«ta LazauskienÄ— yra totali daunÄ— uÅ¾ Å¡itÄ…",9,12,False,False,False,0.73
186,1361,2024-01-13T23:39:55.293566+00:00,Lithuania,"KÄ… bÅ«tÅ³ galima iÅ¡mokti per 3-6men, kad poto bÅ«tÅ³ galima susirasti darba su tuo sugebÄ—jimu?",76,16,False,False,False,0.81
187,1362,2024-01-13T23:39:55.692882+00:00,Lithuania,SandÄ—lio darbas,16,8,False,False,False,1.0
188,1363,2024-01-13T23:39:56.49771+00:00,Lithuania,Å altas volfiukas,88,77,False,False,False,0.68
189,1364,2024-01-13T23:39:56.861404+00:00,Lithuania,Per kiek laiko jÅ«s gavote baudÄ… uÅ¾ greiÄio virÅ¡ijimÄ…?,11,0,False,False,False,0.5
190,1365,2024-01-13T23:39:57.536478+00:00,Latvia,Levitam jauns izskats,12,80,False,False,False,0.94
191,1366,2024-01-13T23:39:58.088194+00:00,Latvia,"Kas ir kÄdi vietÄ“jo Ä“dinÄÅ¡anas vai citu uzÅ†Ä“mumu knifi, kurus uzzinÄji strÄdÄjot tur?",38,25,False,False,False,1.0
192,1367,2024-01-13T23:39:58.472484+00:00,Latvia,Ir kÄdas forÅ¡as vietas rÄ«gÄ kur par ne pÄrÄk dÄrgu cenu ar draugirm pavadÄ«t dienu?,26,5,False,False,False,0.86
193,1368,2024-01-13T23:39:58.933773+00:00,Latvia,Riga bars and nightlife for 30-40 aged people,30,17,False,False,False,0.95
194,1369,2024-01-13T23:39:59.251062+00:00,Latvia,Google pixel un 5G LatvijÄ.,14,4,False,False,False,0.83
195,1370,2024-01-13T23:39:59.718648+00:00,Latvia,Ieteikumi meklÄ“jot/uzsÄkot darbu IT nozarÄ“ pÄ“c studijÄm?,29,20,False,False,False,1.0
196,1371,2024-01-13T23:39:59.979599+00:00,Latvia,Video Editors LatvijÄ!!!,0,1,False,False,False,1.0
197,1372,2024-01-13T23:40:00.310125+00:00,Latvia,Vai kÄds te pÄrdod savu maÅ¡Ä«nu?,8,0,False,False,False,0.4
198,1373,2024-01-13T23:40:01.55731+00:00,Latvia,Company to rent a post office box in Riga ?,5,8,False,False,False,0.84
199,1374,2024-01-13T23:40:02.991917+00:00,Latvia,Jautajums par Baltcom un Tet,24,3,False,False,False,1.0
200,1375,2024-01-13T23:40:06.812114+00:00,Italy,Some steps for getting into IT,341,603,False,False,False,1.0
201,1376,2024-01-13T23:40:08.206994+00:00,Italy,"These files showed up out of nowhere, please help",22,34,False,False,False,0.76
202,1377,2024-01-13T23:40:08.82815+00:00,Italy,How do you verify users for password resets? We have no system,56,38,False,False,False,1.0
203,1378,2024-01-13T23:40:09.602977+00:00,Italy,What are the things in IT that will probably remain the same even after 5-10 years from now?,90,34,False,False,False,0.94
204,1379,2024-01-13T23:40:09.896031+00:00,Italy,What course should I take to get better at IT?,4,2,False,False,False,1.0
205,1380,2024-01-13T23:40:10.322358+00:00,Italy,I'm stumped - help,38,3,False,False,False,0.72
206,1381,2024-01-13T23:40:10.676463+00:00,Italy,Subnetting problem,0,2,False,False,False,1.0
207,1382,2024-01-13T23:40:11.877973+00:00,Italy,pc lags whenever not running games,0,2,False,False,False,0.76
208,1383,2024-01-13T23:40:13.129895+00:00,Italy,Google Chrome Extensions on Internal Networks,4,4,False,False,False,1.0
209,1384,2024-01-13T23:40:14.676075+00:00,Italy,"What am I looking at here? New apartment, box labeled Qunatum Fiber",62,58,False,False,False,0.9
210,1385,2024-01-13T23:40:17.609007+00:00,Ireland,It's finally time lads,197,3268,False,False,False,0.96
211,1386,2024-01-13T23:40:19.052782+00:00,Ireland,"this is just sad, our country is so barren",234,623,False,False,False,0.94
212,1387,2024-01-13T23:40:19.728257+00:00,Ireland,"What a place to break an ankle, fml",70,530,False,False,False,0.97
213,1388,2024-01-13T23:40:20.206221+00:00,Ireland,Help,54,129,False,False,False,0.96
214,1389,2024-01-13T23:40:21.205546+00:00,Ireland,19 month update. Iâ€™m the Fat Fu*k who asked for help on weight loss,172,878,False,False,False,0.94
215,1390,2024-01-13T23:40:21.618266+00:00,Ireland,Tommy Tiernan looks like what you'd get from an AI image generator when you enter 'intellectual dock worker'.,24,60,False,False,False,0.91
216,1391,2024-01-13T23:40:22.588221+00:00,Ireland,Anyone else still have these,108,149,False,False,False,0.91
217,1392,2024-01-13T23:40:23.70897+00:00,Ireland,Glendalough,7,82,False,False,False,0.95
218,1393,2024-01-13T23:40:24.083967+00:00,Ireland,Wtf,18,31,False,False,False,0.82
219,1394,2024-01-13T23:40:26.341669+00:00,Ireland,"Huge pro-Palestine rally planned in Dublin today, with thousands expected to march across city",243,316,False,False,False,0.75
220,1395,2024-01-13T23:40:27.211045+00:00,Iceland,FrjÃ¡lst spjall Ã¡ fÃ¶studegi - Friday free talk,30,5,False,False,False,0.86
221,1396,2024-01-13T23:40:28.53788+00:00,Iceland,MÃ¦Ã°udagar - ÃjÃ³Ã°arsÃ¡lin Ã¡ r/Iceland,18,7,False,False,False,1.0
222,1397,2024-01-13T23:40:28.911784+00:00,Iceland,Kallar eftir tekjuÂ­tengdum sektum eftir aÃ° ekiÃ° var Ã¡ Ã¡tta bÃ­la - VÃ­sir,14,32,False,False,False,0.96
223,1398,2024-01-13T23:40:30.508681+00:00,Iceland,Fyrirskipa brottflutning Ãºr GrindavÃ­k - mbl.is,43,26,False,False,False,0.96
224,1399,2024-01-13T23:40:32.182962+00:00,Iceland,ISIS member arrested in Akureyri Iceland after coordinated operation by the Icelandic police and Interpol,56,65,False,False,False,0.92
225,1400,2024-01-13T23:40:32.492637+00:00,Iceland,Leyndarlegar hrollvekjandi eÃ°a Ã³trÃºlegar borgarsÃ¶gur,3,8,False,False,False,0.84
226,1401,2024-01-13T23:40:32.800564+00:00,Iceland,MiÃ°-austur lÃ¶nd,6,0,False,False,False,0.33
227,1402,2024-01-13T23:40:34.141839+00:00,Iceland,Hvar er besta kebab Ã­ rvk,33,18,False,False,False,0.8
228,1403,2024-01-13T23:40:35.390189+00:00,Iceland,Veit eithver hvar Ã©g get sÃ©Ã° Stuttur Frakki????,9,7,False,False,False,0.77
229,1404,2024-01-13T23:40:36.23125+00:00,Iceland,OpinÂ­berir starfsÂ­menn Ã¾amba Nespresso fyrir milljÃ³nir - VÃ­sir,65,17,False,False,False,0.8
230,1405,2024-01-13T23:40:37.829132+00:00,Hungary,VidÃ©ki vonatok tÃ©len,18,318,False,False,False,0.99
231,1406,2024-01-13T23:40:39.299604+00:00,Hungary,KÃ­nai mÅ±anyagszemÃ©ttel teli raktÃ¡r lÃ¡ngokban SzentpÃ©tervÃ¡r mellett..,58,506,False,False,False,0.95
232,1407,2024-01-13T23:40:40.761305+00:00,Hungary,May,38,1663,False,False,False,0.97
233,1408,2024-01-13T23:40:41.120095+00:00,Hungary,"Magyar forradalom emlÃ©kmÅ±ve Clevelandben, Amerikai EgyesÃ¼lt Ãllamokban",15,188,False,False,False,0.97
234,1409,2024-01-13T23:40:43.673764+00:00,Hungary,BoomerbookrÃ³l kÃ¶zbeszerezve,218,324,False,False,False,0.88
235,1410,2024-01-13T23:40:44.178168+00:00,Hungary,Budapest â€™74,51,401,False,False,False,0.98
236,1411,2024-01-13T23:40:44.568834+00:00,Hungary,Hogyan vÃ¡lj csalÃ³bÃ³l hirtelen nemzethy hÅ‘ssÃ©? Nyald fÃ©nyesre OrbÃ¡n picsÃ¡jÃ¡t!,23,314,False,False,False,0.98
237,1412,2024-01-13T23:40:44.868795+00:00,Hungary,"Piros, fehÃ©r, zÃ¶ld Ã©sâ€¦ Ã©sâ€¦ Ã©sâ€¦",8,36,False,False,False,1.0
238,1413,2024-01-13T23:40:46.12223+00:00,Hungary,"ElÃ©g szavazat Ã¶sszejÃ¶tt, megvonnÃ¡k MagyarorszÃ¡g szavazati jogÃ¡t az EurÃ³pai TanÃ¡csban",6,26,False,False,False,0.88
239,1414,2024-01-13T23:40:47.651334+00:00,Hungary,(AI) Ferenc PÃ¡pa MagyarorszÃ¡gon,2,34,False,False,False,0.86
240,1415,2024-01-13T23:40:49.54251+00:00,Greece,Î•Î²Î´Î¿Î¼Î±Î´Î¹Î±Î¯Î± ÏƒÏ…Î¶Î®Ï„Î·ÏƒÎ· Ï„Î¿Ï… /r/greece | Weekly /r/greece discussion thread 08/01/2024,10,5,False,False,False,0.78
241,1416,2024-01-13T23:40:50.149594+00:00,Greece,ÎŸÎ¼ÏŒÏ†Ï…Î»Î± Î¶ÎµÏ…Î³Î¬ÏÎ¹Î±: Î‘Î½Î¿Î¹Ï‡Ï„ÏŒ Ï„Î¿ ÎµÎ½Î´ÎµÏ‡ÏŒÎ¼ÎµÎ½Î¿ Ï€Î±ÏÎ±Î¯Ï„Î·ÏƒÎ®Ï‚ Ï„Î¿Ï… Î±Ï†Î®Î½ÎµÎ¹ Î¿ ÎœÎ¬ÎºÎ·Ï‚ Î’Î¿ÏÎ¯Î´Î·Ï‚,22,33,False,False,False,0.94
242,1417,2024-01-13T23:40:51.91502+00:00,Greece,Î‘Î³Î±Ï€Î·Î¼Î­Î½Î¿ ÏƒÎ½Î±Îº Ï€Î¿Ï… Î´ÎµÎ½ Ï„Î¿ Î²Î±ÏÎ¹Î­ÏƒÏ„Îµ Ï€Î¿Ï„Î­,102,39,False,False,False,0.81
243,1418,2024-01-13T23:40:52.88219+00:00,Greece,Î£Ï‡ÎµÏ„Î¹ÎºÎ¬ Î¼Îµ Ï„Î¿Î½ Î³Î¬Î¼Î¿ Ï„Ï‰Î½ Î¿Î¼Î¿Ï†Ï…Î»ÏŒÏ†Î¹Î»Ï‰Î½,81,40,False,False,False,0.72
244,1419,2024-01-13T23:40:53.484823+00:00,Greece,"Â«Î‘Î½ Î´ÎµÎ½ ÏˆÎ·Ï†Î¯ÏƒÎµÎ¹Ï‚ Ï„Î¿ Î½/Ïƒ Î³Î¹Î± Ï„Î± Î¿Î¼ÏŒÏ†Ï…Î»Î± Î¶ÎµÏ…Î³Î¬ÏÎ¹Î±, ÏƒÎµ Î´Î¹Î±Î³ÏÎ¬Ï†Ï‰Â» -Î¤Î¿ Ï„Î·Î»ÎµÏ†ÏÎ½Î·Î¼Î± ÎšÎ±ÏƒÏƒÎµÎ»Î¬ÎºÎ· ÏƒÎµ Î Î¿Î»Î¬ÎºÎ·",51,76,False,False,False,0.84
245,1420,2024-01-13T23:40:54.954078+00:00,Greece,Î¤Î± social media Ï„Î¿ Î£Î¬Î²Î²Î±Ï„Î¿.,30,10,False,False,False,0.71
246,1421,2024-01-13T23:40:55.267993+00:00,Greece,ÎˆÎºÎ»ÎµÏˆÎ±Î½ Ï‡Î¹Î»Î¹Î¬Î´ÎµÏ‚ Î²Î¹Î²Î»Î¯Î± Î±Ï€ÏŒ Ï„Î¿ Ï€Î±Î»Î±Î¹Î¿Î²Î¹Î²Î»Î¹Î¿Ï€Ï‰Î»ÎµÎ¯Î¿ Ï„Ï‰Î½ Î±ÏƒÏ„Î­Î³Ï‰Î½,4,17,False,False,False,0.95
247,1422,2024-01-13T23:40:55.99391+00:00,Greece,Î£Î¥Î¡Î™Î–Î‘: Î”Î¹Î±Ï†Ï‰Î½ÎµÎ¯ Î¿ Î Î¿Î»Î¬ÎºÎ·Ï‚ Î¼Îµ Ï„Î¿ Î½Î¿Î¼Î¿ÏƒÏ‡Î­Î´Î¹Î¿ Î³Î¹Î± Ï„Î± Î¿Î¼ÏŒÏ†Ï…Î»Î± Î¶ÎµÏ…Î³Î¬ÏÎ¹Î±,57,42,False,False,False,0.91
248,1423,2024-01-13T23:40:57.503141+00:00,Greece,Î‘Î¾Î¯Î¶ÎµÎ¹ Î½Î± Î³Î¯Î½ÎµÎ¹Ï‚ Ï…Î´ÏÎ±Ï…Î»Î¹ÎºÏŒÏ‚;,32,43,False,False,False,0.94
249,1424,2024-01-13T23:40:57.840454+00:00,Greece,Î¤ÎµÎ¯Î½ÎµÎ¹ Ï€ÏÎ¿Ï‚ Ï„Î¿... Î¼Î·Î´Î­Î½ Î· ÎµÏ€Î¹Î´ÏŒÏ„Î·ÏƒÎ· Ï„Ï‰Î½ Î•Î›Î¤Î‘,1,5,False,False,False,0.73
250,1425,2024-01-13T23:41:03.23961+00:00,Germany,Please read before posting!,3276,454,False,False,False,0.98
251,1426,2024-01-13T23:41:04.3923+00:00,Germany,Megathreat: Bahnstreik,141,55,False,False,False,0.88
252,1427,2024-01-13T23:41:06.105657+00:00,Germany,Thousands joined in protest against AfD,215,535,False,False,False,0.79
253,1428,2024-01-13T23:41:07.003171+00:00,Germany,I started to preserve my own food and it wonâ€™t get any more German,116,876,False,False,False,0.98
254,1429,2024-01-13T23:41:08.530503+00:00,Germany,What can I legally do against Alltagsrassismus on the train?,242,361,False,False,False,0.75
255,1430,2024-01-13T23:41:09.38988+00:00,Germany,What's wrong with Takis in Germany?,131,111,False,False,False,0.82
256,1431,2024-01-13T23:41:09.890193+00:00,Germany,"Is there anything we, the ordinary people, can do about the failures of Deutsche Bahn?",33,22,False,False,False,0.71
257,1432,2024-01-13T23:41:10.327517+00:00,Germany,Landlord wants to do some construction in the building that will change the apartment size. What are my options here?,23,16,False,False,False,0.94
258,1433,2024-01-13T23:41:10.709227+00:00,Germany,I failed today,32,20,False,False,False,0.74
259,1434,2024-01-13T23:41:11.119223+00:00,Germany,Tip: search using German instead of English when researching German holiays,26,108,False,False,False,0.84
260,1435,2024-01-13T23:41:11.831182+00:00,France,"Samedi Ã‰criture - Sujet Libre ou ""Vous entendez un bruit ressemblant Ã  des miaulements dans votre cave""",1,8,False,False,False,0.79
261,1436,2024-01-13T23:41:12.518654+00:00,France,Forum Libre - 2024-01-13,65,7,False,False,False,0.77
262,1437,2024-01-13T23:41:13.884439+00:00,France,Merci pour votre comprÃ©hension,24,149,False,False,False,0.93
263,1438,2024-01-13T23:41:14.393617+00:00,France,VandÅ“uvre : une jeune fille de 17 ans frappÃ©e et sÃ©questrÃ©e par ses parents pour sa supposÃ©e homosexualitÃ©,47,180,False,False,False,0.92
264,1439,2024-01-13T23:41:16.775493+00:00,France,La ministre de lâ€™Ã‰ducation OudÃ©a-Castera dÃ©fend la scolarisation de ses enfants dans le privÃ© (@allanbarte.bsky.social),167,673,False,False,False,0.9
265,1440,2024-01-13T23:41:17.358606+00:00,France,Une directrice dâ€™Ã©cole convoquÃ©e devant le rectorat de Toulouse pour avoir abritÃ© des enfants Ã  la rue au sein de son Ã©tablissement,49,265,False,False,False,0.93
266,1441,2024-01-13T23:41:17.843628+00:00,France,"Ã‰lections Ã  TaÃ¯wan : Lai Ching-te, candidat favori et dans le viseur de PÃ©kin, donnÃ© en tÃªte",36,144,False,False,False,0.97
267,1442,2024-01-13T23:41:18.309642+00:00,France,La France annonce la commande de 42 avions de combat Rafale supplÃ©mentaires,31,121,False,False,False,0.95
268,1443,2024-01-13T23:41:19.707723+00:00,France,Production Ã©lectrique et intensitÃ© carbone au au pas horaire : rÃ©trospective 2023,28,112,False,False,False,0.94
269,1444,2024-01-13T23:41:20.554461+00:00,France,ğŸ‰ Les 140 ans de l'invention de la poubelle ğŸŠ,14,68,False,False,False,0.95
270,1445,2024-01-13T23:41:22.33282+00:00,Finland,"Tourism, moving and studying in Finland? Read this first!",16,14,False,False,False,0.89
271,1446,2024-01-13T23:41:22.636109+00:00,Finland,How is it in your town?,4,12,False,False,False,0.75
272,1447,2024-01-13T23:41:23.953398+00:00,Finland,Historical photographs from 1980's Finland,2,56,False,False,False,0.94
273,1448,2024-01-13T23:41:25.30764+00:00,Finland,Jumping into freezing water,39,26,False,False,False,0.72
274,1449,2024-01-13T23:41:26.961148+00:00,Finland,Why is the fail rate 40%? That is crazy,79,26,False,False,False,0.57
275,1450,2024-01-13T23:41:27.31815+00:00,Finland,Benihana or Asian restaurants where they cook at your table,14,4,False,False,False,0.6
276,1451,2024-01-13T23:41:28.126471+00:00,Finland,What happened to the 2-star? Can I please speak to the manager of Finland? Kippis from Sweden!,73,331,False,False,False,0.95
277,1452,2024-01-13T23:41:29.325986+00:00,Finland,The four-day working week is already here,1,2,False,False,False,0.75
278,1453,2024-01-13T23:41:29.718133+00:00,Finland,Economics of Rent vs Buy in Helsinki,21,9,False,False,False,0.91
279,1454,2024-01-13T23:41:31.089834+00:00,Finland,"Where to watch ""The boy and the heron"" with english subtitles - Turku/Rauma?",12,9,False,False,False,0.71
280,1455,2024-01-13T23:41:32.827509+00:00,Estonia,Korduma Kippuvad LÃµngad / Frequently Discussed Topics,23,394,False,False,False,1.0
281,1456,2024-01-13T23:41:34.08023+00:00,Estonia,ğŸ‡¸ğŸ‡ª ğŸ‘,5,31,False,False,False,0.86
282,1457,2024-01-13T23:41:35.575488+00:00,Estonia,Kas ma olen midagi maha maganud??,40,92,False,False,False,0.98
283,1458,2024-01-13T23:41:36.306+00:00,Estonia,Estonian shops doing their own scalping.,61,23,False,False,False,0.7
284,1459,2024-01-13T23:41:37.664631+00:00,Estonia,How popular is ice hockey in Estonia?,32,14,False,False,False,0.94
285,1460,2024-01-13T23:41:37.981053+00:00,Estonia,Kindlasti pole ma ei esimene ega viimane...,2,15,False,False,False,0.76
286,1461,2024-01-13T23:41:39.342226+00:00,Estonia,Klient pÃ¤Ã¤stab Tartu restorani halvimast.,26,9,False,False,False,0.8
287,1462,2024-01-13T23:41:39.717477+00:00,Estonia,Facebooki poliitikud,21,27,False,False,False,0.89
288,1463,2024-01-13T23:41:41.222658+00:00,Estonia,Bolt Food kott,25,34,False,False,False,0.97
289,1464,2024-01-13T23:41:42.478373+00:00,Estonia,Kas Swappiest tasub iphone osta? Valik tundub liiga hea et tÃµsi olla.,4,8,False,False,False,0.9
290,1465,2024-01-13T23:41:44.247921+00:00,Denmark,GÃ¸r Det Selv LÃ¸rdag / Do It Yourself Saturday - 13/01 2024,14,4,False,False,False,0.71
291,1466,2024-01-13T23:41:44.600049+00:00,Denmark,"Tak Dronning Margrethe, Velkommen Kong Frederik",6,0,False,False,False,0.47
292,1467,2024-01-13T23:41:45.925122+00:00,Denmark,Hyldest til en OG,17,137,False,False,False,0.87
293,1468,2024-01-13T23:41:48.215168+00:00,Denmark,Relationsventelister til andelsboliger er forbandet nepotisme! Hvorfor er det lovligt?,122,111,False,False,False,0.85
294,1469,2024-01-13T23:41:50.862476+00:00,Denmark,Regeringen har netop hÃ¦vet afgiften pÃ¥ benzin og diesel. NÃ¦ste Ã¥r gÃ¸r de det igen. GrÃ¸n ejerafgift stiger ogsÃ¥.,209,133,False,False,False,0.89
295,1470,2024-01-13T23:41:51.181118+00:00,Denmark,Til jer der fÃ¸ler jer ensomme,12,26,False,False,False,0.82
296,1471,2024-01-13T23:41:52.089236+00:00,Denmark,"LÃ¸kke ville ikke rejse alene til FolkemÃ¸det â€“ tog helikopter i stedet. Udenrigsministeriet ringede efter en helikopter, da Lars LÃ¸kkes fly til folkemÃ¸det blev aflyst.",85,127,False,False,False,0.91
297,1472,2024-01-13T23:41:53.781426+00:00,Denmark,Dansk elafgift er Europas hÃ¸jeste â€“ nu stiger den yderligere,199,208,False,False,False,0.96
298,1473,2024-01-13T23:41:54.5469+00:00,Denmark,Regeringen opsiger forlig: Ã†ldre kan vinke farvel til ekstra stigning i folkepensionen,91,77,False,False,False,0.97
299,1474,2024-01-13T23:41:54.948011+00:00,Denmark,How to deal with a roommate who moved out of the aparment from one day to another,21,27,False,False,False,0.89
300,1475,2024-01-13T23:41:56.3168+00:00,Czechia,VyjÃ¡dÅ™enÃ­ moderÃ¡torskÃ©ho tÃ½mu k RuskÃ© agresi vÅ¯Äi UkrajinÄ› â”‚Mod team statement on Russian aggression against Ukraine,168,908,False,False,False,0.99
301,1476,2024-01-13T23:41:56.671352+00:00,Czechia,Zeman trolling.,17,495,False,False,False,1.0
302,1477,2024-01-13T23:41:57.007312+00:00,Czechia,NovoroÄnÃ­ pÅ™edsevzetÃ­ day 13 failed.,5,80,False,False,False,0.99
303,1478,2024-01-13T23:41:58.710662+00:00,Czechia,"VÅ¾dyÅ¥ uÅ¾ staÄÃ­, tohle je ÃºroveÅˆ SugarDenny ğŸ˜­",68,146,False,False,False,0.93
304,1479,2024-01-13T23:41:59.352896+00:00,Czechia,"Pardon, ale postÄ›Å¾ovat si musÃ­m. Je normÃ¡lnÃ­ zaplatit vÃ­c za omÃ¡Äky neÅ¾ za hranolky?",62,98,False,False,False,0.91
305,1480,2024-01-13T23:42:00.757016+00:00,Czechia,VinÃ­ci nehod za rok 2023 a role alkoholu,38,125,False,False,False,0.9
306,1481,2024-01-13T23:42:01.783519+00:00,Czechia,Mohu nÄ›koho nahlÃ¡sit za znÃ¡silnÄ›nÃ­ a sexuÃ¡lnÃ­ obtÄ›Å¾ovÃ¡nÃ­ i kdyÅ¾ to jsou uÅ¾ skoro dva roky po tom co se to stalo?,106,122,False,False,False,0.83
307,1482,2024-01-13T23:42:03.198627+00:00,Czechia,Co se to dÄ›je s cenama?,47,58,False,False,False,0.88
308,1483,2024-01-13T23:42:03.550207+00:00,Czechia,GG,2,36,False,False,False,0.91
309,1484,2024-01-13T23:42:04.92157+00:00,Czechia,Bordel a vizuÃ¡lnÃ­ smog v ÄŒechii,158,115,False,False,False,0.76
310,1485,2024-01-13T23:42:06.949103+00:00,Cyprus,Palestine - Israel Megathread II - Everything about the conflict goes here,106,13,False,False,False,0.7
311,1486,2024-01-13T23:42:07.286226+00:00,Cyprus,A beautiful evening in Paphos today,3,24,False,False,False,1.0
312,1487,2024-01-13T23:42:07.65505+00:00,Cyprus,Objecting the demolition of a historical mansion in Larnaca,10,8,False,False,False,0.9
313,1488,2024-01-13T23:42:09.154511+00:00,Cyprus,Nicosia parking next level,2,13,False,False,False,0.88
314,1489,2024-01-13T23:42:10.138443+00:00,Cyprus,"Stand Proud, you are strong.",4,4,False,False,False,1.0
315,1490,2024-01-13T23:42:11.499866+00:00,Cyprus,Limassol parking next level,27,100,False,False,False,0.97
316,1491,2024-01-13T23:42:11.840394+00:00,Cyprus,2G - how long will it survive in Cyprus?,3,4,False,False,False,0.83
317,1492,2024-01-13T23:42:13.760552+00:00,Cyprus,Is Pyla (Larnaca) dangerous?,19,7,False,False,False,0.69
318,1493,2024-01-13T23:42:14.379081+00:00,Cyprus,Where can I find dokha(Arabic pipe tobacco),3,0,False,False,False,0.33
319,1494,2024-01-13T23:42:14.655863+00:00,Cyprus,Cypriot men and Ayia Napa,8,0,False,False,False,0.43
320,1495,2024-01-13T23:42:17.375126+00:00,Croatia,Hreddit noÄ‡na mora 13.01.2024.,6,4,False,False,False,0.83
321,1496,2024-01-13T23:42:17.74087+00:00,Croatia,Food Contest s r/BalkanRecipes ğŸœ,5,8,False,False,False,0.7
322,1497,2024-01-13T23:42:19.722394+00:00,Croatia,"COPING, plakanje vikendom",117,95,False,False,False,0.8
323,1498,2024-01-13T23:42:20.981322+00:00,Croatia,"Tijekom mapiranja 51 posto Jadrana, pokraj Lastova, Mljeta i Visa pronaÄ‘ene nepoznate saÄ‡aste strukture",5,21,False,False,False,0.97
324,1499,2024-01-13T23:42:21.647327+00:00,Croatia,"Preslika medija i stanja nacije. O Prijovicki dnevno 10-tak clanaka, dok danas o koncertu Domu mom rijetko koji portal je objavio Älanak. Namjerno raÄ‘eni PR i (anti)reklama.",29,12,False,False,False,0.57
325,1500,2024-01-13T23:42:22.345232+00:00,Croatia,"â€œNenad BakiÄ‡, Äovjek koji raspaljuje divlji bijesâ€ - Ante TomiÄ‡",71,61,False,False,False,0.79
326,1501,2024-01-13T23:42:23.687425+00:00,Croatia,Nevjerojatno! Vulkanizeri po Rijeci buÅ¡ili gume kako bi imali viÅ¡e posla - Novi list,32,102,False,False,False,0.99
327,1502,2024-01-13T23:42:24.243124+00:00,Croatia,U Dubrovniku od kapelice napravili apartman. I prodaju ga. Za 25 kvadarata 120.000 eura: 'Ma prodali bi i...,51,72,False,False,False,0.89
328,1503,2024-01-13T23:42:25.465779+00:00,Croatia,Policija radi kontrole zaustavila auto na ÄŒrnomercu. VozaÄ im dobrovoljno predao preko kilu trave,9,21,False,False,False,0.82
329,1504,2024-01-13T23:42:25.848107+00:00,Croatia,ZagrebaÄke ulice - 12.1,23,68,False,False,False,0.85
330,1505,2024-01-13T23:42:28.639297+00:00,Bulgaria,"200,000! ĞĞ±Ğ¸Ñ‡Ğ°Ğ¼Ğµ Ğ²Ğ¸!",32,116,False,False,False,0.72
331,1506,2024-01-13T23:42:28.898663+00:00,Bulgaria,ĞŸĞ¾Ğ¼Ğ¾Ñ‰!,2,32,False,False,False,0.95
332,1507,2024-01-13T23:42:30.16866+00:00,Bulgaria,Ğ‘ÑŠĞ»Ğ³Ğ°Ñ€Ğ¸Ğ½ÑŠÑ‚ ĞºÑ€ĞµÑ‰Ğ¸ Ğ»Ğ¸ Ğ¼Ğ½Ğ¾Ğ³Ğ¾?,8,15,False,False,False,0.9
333,1508,2024-01-13T23:42:31.849596+00:00,Bulgaria,Ğ–Ğ¸Ğ²Ğ¾Ñ‚ Ğ½Ğ° ÑĞµĞ»Ğ¾ Ğ·Ğ° Ğ¼Ğ»Ğ°Ğ´Ğ¾ ÑĞµĞ¼ĞµĞ¹ÑÑ‚Ğ²Ğ¾?,68,29,False,False,False,0.86
334,1509,2024-01-13T23:42:32.506986+00:00,Bulgaria,ĞšĞ°Ğº Ğ´Ğ° Ğ±ÑŠĞ´Ğ° Ğ¿Ğ¾ Ñ€Ğ°Ğ·Ñ‡ÑƒĞ¿ĞµĞ½ (approachable) ÑĞ¿Ñ€ÑĞ¼Ğ¾ Ñ…Ğ¾Ñ€Ğ°Ñ‚Ğ°?,57,13,False,False,False,0.74
335,1510,2024-01-13T23:42:33.828763+00:00,Bulgaria,"Ğ¡Ğ°ĞºĞ¾, Ğ°Ğ¼Ğ° Ğ¿Ğ°Ğ»Ñ‚Ğ¾, Ğ°Ğ¼Ğ° Ğ½ĞµÑ‰Ğ¾ ÑÑ€ĞµĞ´Ğ½Ğ¾, ĞºĞ°Ğº ÑĞµ ĞºĞ°Ğ·Ğ²Ğ°?",13,14,False,False,False,0.89
336,1511,2024-01-13T23:42:34.105243+00:00,Bulgaria,Ğ“Ğ¾Ñ‚Ğ¸Ğ½Ğ¸ ĞºĞ°Ñ€Ñ‚Ğ¸Ñ‡ĞºĞ¸,3,36,False,False,False,0.89
337,1512,2024-01-13T23:42:35.322539+00:00,Bulgaria,Bucimis (Bulgarischer Volkstanz),0,7,False,False,False,1.0
338,1513,2024-01-13T23:42:36.32374+00:00,Bulgaria,"ĞœĞ¸Ğ½Ğ¸Ğ¼Ğ°Ğ»Ğ½Ğ°Ñ‚Ğ° Ğ·Ğ°Ğ¿Ğ»Ğ°Ñ‚Ğ° Ğ² Ğ‘ÑŠĞ»Ğ³Ğ°Ñ€Ğ¸Ñ Ğ·Ğ° 2025 Ğ½Ğ°Ğ¹ Ğ²ĞµÑ€Ğ¾ÑÑ‚Ğ½Ğ¾ Ñ‰Ğµ Ğµ Ğ¾ĞºĞ¾Ğ»Ğ¾ 1050 Ğ»Ğ²,Ğ¼Ğ¸Ğ½Ğ¸Ğ¼Ğ°Ğ»Ğ½Ğ°Ñ‚Ğ° Ğ·Ğ°Ğ¿Ğ»Ğ°Ñ‚Ğ° Ğ² Ğ² 30 Ñ‰Ğ°Ñ‚Ğ° Ğ² Ğ¡ĞĞ© Ğµ 1160$.",112,16,False,False,False,0.64
339,1514,2024-01-13T23:42:37.62503+00:00,Bulgaria,#ĞŸĞ°Ñ‚ĞºĞ° ÑĞµ Ğ³ÑƒÑˆĞºĞ° Ğ² Ñ‚Ğ°Ñ‚ĞºĞ¾ ÑĞ¸!,0,3,False,False,False,0.8
340,1515,2024-01-13T23:42:39.449698+00:00,Bosnia and Herzegovina,KorisniÄka anketa 2024.,8,1,False,False,False,0.54
341,1516,2024-01-13T23:42:39.694852+00:00,Bosnia and Herzegovina,[Podsjetnik] KorisniÄka anketa 2024.,0,0,False,False,False,0.5
342,1517,2024-01-13T23:42:40.963521+00:00,Bosnia and Herzegovina,Skulptura dinosaura od cumura u Sarajevu ispred Historijskog muzeja,6,41,False,False,False,1.0
343,1518,2024-01-13T23:42:42.397583+00:00,Bosnia and Herzegovina,Uvijek lijepo vidjeti ovako neÅ¡to.,47,158,False,False,False,0.96
344,1519,2024-01-13T23:42:42.738178+00:00,Bosnia and Herzegovina,Otac mi je star senilni paranoidni sizofrenik koji vjeruje svakoj budali o svojoj ishrani i mijenja ishranu kako mu koja carsijska budala kaze i misli da svi hoce da mu nesto ukradu ili da ga ubiju. STA DA RADIM SA NJIM.,22,23,False,False,False,0.9
345,1520,2024-01-13T23:42:43.962135+00:00,Bosnia and Herzegovina,Zdravstvo u BiH (perspektiva iz struke),4,12,False,False,False,0.93
346,1521,2024-01-13T23:42:45.199267+00:00,Bosnia and Herzegovina,Å ume Evrope,2,19,False,False,False,1.0
347,1522,2024-01-13T23:42:45.501465+00:00,Bosnia and Herzegovina,Pitanje za Slovence,6,5,False,False,False,0.86
348,1523,2024-01-13T23:42:46.718492+00:00,Bosnia and Herzegovina,Cijene nekretnina u FBiH - analiza podataka iz katastra,1,6,False,False,False,1.0
349,1524,2024-01-13T23:42:48.019914+00:00,Bosnia and Herzegovina,Obilazak Sarajeva,22,12,False,False,False,0.93
350,1525,2024-01-13T23:42:49.797533+00:00,Belgium,Got questions? 08 - 01 - 2024,44,3,False,False,False,0.62
351,1526,2024-01-13T23:42:51.024888+00:00,Belgium,Sad Saturday,8,8,False,False,False,1.0
352,1527,2024-01-13T23:42:52.577243+00:00,Belgium,Is dit wettelijk?,58,60,False,False,False,0.86
353,1528,2024-01-13T23:42:52.834763+00:00,Belgium,Goud en brons voor Loena Hendrickx en Nina Pinzarrone op EK kunstschaatsen,0,27,False,False,False,0.94
354,1529,2024-01-13T23:42:54.167764+00:00,Belgium,Fort Breendonk sign: original?,17,29,False,False,False,0.79
355,1530,2024-01-13T23:42:55.460023+00:00,Belgium,Groen en Ecolo pleiten voor federale kieskring en nieuwe verkiezingen als regeringsvorming te lang aansleept,15,28,False,False,False,0.9
356,1531,2024-01-13T23:42:55.810895+00:00,Belgium,N-VA-voorzitter Bart De Wever wil na verkiezingen premier worden van zakenkabinet,17,16,False,False,False,0.81
357,1532,2024-01-13T23:42:57.449887+00:00,Belgium,"Als-Dan, het is niet zo moeilijk HLN",75,136,False,False,False,0.79
358,1533,2024-01-13T23:42:58.755625+00:00,Belgium,"Mildly interesting sweather and shirt from a few decades ago, found at a passed relative. Apparantly there was a boycot against Austria around 1999 TIL",16,19,False,False,False,0.83
359,1534,2024-01-13T23:43:00.886387+00:00,Belgium,Wie durft nog te raken aan de bedrijfswagen? [De Standaard],296,37,False,False,False,0.77
360,1535,2024-01-13T23:43:02.648887+00:00,Belarus,Want to support Ukraine? Here's a list of charities by subject,32,697,False,False,False,0.99
361,1536,2024-01-13T23:43:03.232444+00:00,Belarus,"Ultimate r/belarus FAQ and compilation: music artists, writers, helpful links and more.",17,72,False,False,False,0.98
362,1537,2024-01-13T23:43:03.643155+00:00,Belarus,Regular day of a Belarusian man,26,248,False,False,False,0.9
363,1538,2024-01-13T23:43:03.953327+00:00,Belarus,learning,5,14,False,False,False,1.0
364,1539,2024-01-13T23:43:05.205101+00:00,Belarus,Political Prisoner Vadzim Khrasko died of pneumonia in the Vitsba penal colony No.3,0,19,False,False,False,0.95
365,1540,2024-01-13T23:43:05.551789+00:00,Belarus,Are there any Ukrainians living in Belarus? if so what's your experience?,8,4,False,False,False,0.75
366,1541,2024-01-13T23:43:06.77865+00:00,Belarus,Quick questions,2,0,False,False,False,0.25
367,1542,2024-01-13T23:43:08.036326+00:00,Belarus,What do Belarusians think of Poland ?,13,15,False,False,False,0.86
368,1543,2024-01-13T23:43:09.601719+00:00,Belarus,ĞŸĞµÑ€Ğ°Ğ¿Ñ‹Ğ½Ğ°Ğº Ğ°Ğ´ ÑƒÑÑ–Ñ… ÑÑŒĞ¿ÑĞºĞ¾Ñ‚Ğ½Ñ‹Ñ… Ğ³ÑƒÑ‚Ğ°Ñ€Ğ°Ğº - ÑÑƒĞ¼ÑƒÑ Ğ¿Ğ° ĞºĞ¾Ñ‚ĞºÑƒ,6,65,False,False,False,0.99
369,1544,2024-01-13T23:43:10.242407+00:00,Belarus,Moving from America and Crypto,51,0,False,False,False,0.41
370,1545,2024-01-13T23:43:13.958357+00:00,Austria,Krieg in der Ukraine - weiterhin nicht nachlassen!,374,368,False,False,False,0.82
371,1546,2024-01-13T23:43:15.20177+00:00,Austria,Es is koid. Bitte denkt an das Caritas KÃ¤ltetelefon,12,171,False,False,False,0.96
372,1547,2024-01-13T23:43:16.093513+00:00,Austria,Das Leben ist so sinnlos,98,61,False,False,False,0.72
373,1548,2024-01-13T23:43:16.485308+00:00,Austria,Kann mir jemand Regel #2 erklÃ¤ren?,29,34,False,False,False,0.85
374,1549,2024-01-13T23:43:16.842135+00:00,Austria,OBServation,16,257,False,False,False,0.95
375,1550,2024-01-13T23:43:17.861607+00:00,Austria,IT kÃ¼ndigt Streik an,127,215,False,False,False,0.93
376,1551,2024-01-13T23:43:19.398773+00:00,Austria,Guide fÃ¼r Besucher damit niemand nÃ¼chtern bleiben muss,52,374,False,False,False,0.93
377,1552,2024-01-13T23:43:19.762638+00:00,Austria,Aber zu Weihnachten aufregen,21,102,False,False,False,0.86
378,1553,2024-01-13T23:43:20.098056+00:00,Austria,"Ich habe nie gedacht, dass es mÃ¶glich ist :D",6,31,False,False,False,0.85
379,1554,2024-01-13T23:43:21.330384+00:00,Austria,Neulich nachts um halb zwei in Ottakring: Fetter Dieselgenerator und Feueralarm im leerstehenden Kika.,3,18,False,False,False,1.0
380,1555,2024-01-13T23:43:23.135567+00:00,Armenia,Re: â€œNo Politicsâ€ Rule,0,18,False,False,False,0.91
381,1556,2024-01-13T23:43:24.473786+00:00,Armenia,"Is there an easy way to say ""May I please have""?",19,13,False,False,False,1.0
382,1557,2024-01-13T23:43:24.780308+00:00,Armenia,That Barekam,1,5,False,False,False,0.78
383,1558,2024-01-13T23:43:26.019869+00:00,Armenia,"What is your most ""damn this is such an Armenian situation"" moment?",8,14,False,False,False,0.95
384,1559,2024-01-13T23:43:27.302984+00:00,Armenia,martirosian - shushiki (komitas) | Made this HipHop/LoFi beat inspired by Komitas. Hope you like it :),0,5,False,False,False,0.86
385,1560,2024-01-13T23:43:27.598606+00:00,Armenia,Songs about newborn baby,9,9,False,False,False,1.0
386,1561,2024-01-13T23:43:28.88673+00:00,Armenia,a new destiny 2 weapon has the Armenian flag colors on it coincidentally,3,34,False,False,False,0.94
387,1562,2024-01-13T23:43:30.177603+00:00,Armenia,r/Armenian is now an exclusive subreddit. Request to be an approved user to post. No additional requirements to comment.,16,5,False,False,False,0.78
388,1563,2024-01-13T23:43:31.438692+00:00,Armenia,What are some of the best Armenian comedies I can watch?,12,8,False,False,False,0.84
389,1564,2024-01-13T23:43:31.786524+00:00,Armenia,Whatâ€™s the name of this snack mix? My dad and grandma called it â€˜laplabooâ€™ but Google is turning up nothing.,14,20,False,False,False,0.92
